{
	"name": "ui5serverless_uimodule",
	"version": "0.0.1",
	"buildTimestamp": "202112181846",
	"scmRevision": "",
	"libraries": [
		{
			"name": "sap.m",
			"version": "1.84.0",
			"buildTimestamp": "202112181846",
			"scmRevision": ""
		},
		{
			"name": "sap.ui.core",
			"version": "1.84.0",
			"buildTimestamp": "202112181846",
			"scmRevision": ""
		},
		{
			"name": "sap.ui.layout",
			"version": "1.84.0",
			"buildTimestamp": "202112181846",
			"scmRevision": ""
		},
		{
			"name": "sap.ui.unified",
			"version": "1.84.0",
			"buildTimestamp": "202112181846",
			"scmRevision": ""
		}
	]
}