{
  "welcomeFile": "/index.html",
  "routes": [
    
    {
      "source": "/backend/(.*)",
      "target": "$1",
      "authenticationType": "none",
      "destination": "backend"
    },
    {
      "source": "/srv-api/(.*)$",
      "csrfProtection": false,
      "target": "$1",
      "authenticationType": "xsuaa",
      "destination": "srv-api"
    },
    {
      "source": "^/user-api(.*)",
      "target": "$1",
      "service": "sap-approuter-userapi"
    },
    {
      "source": "^(.*)",
      "target": "$1",
      "authenticationType": "xsuaa",
      "service": "html5-apps-repo-rt"
    }    
      
  ]
}
